cpc,cpc4d,x,y
Y02A10/00,Y02A,10.0,0.0
Y04B1/00,Y04B,5.000000000000001,8.660254037844386
Y02E10/30,Y02E,-4.999999999999997,8.660254037844387
H01M10/05,H01M,-10.0,1.2246467991473533e-15
G06F17/30,G06F,-5.0000000000000036,-8.660254037844382
C01B32/00,C01B,4.999999999999992,-8.66025403784439
